{
	"info": {
		"_postman_id": "9bb56925-b6f7-4ded-8e56-15cde0f7dfcd",
		"name": "mdac post",
		"schema": "https://schema.getpostman.com/json/collection/v2.1.0/collection.json",
		"_exporter_id": "23402569",
		"_collection_link": "https://solar-station-12392.postman.co/workspace/My-Workspace~e5f59f57-9348-4295-8fc3-bb2bc9add93c/collection/23402569-9bb56925-b6f7-4ded-8e56-15cde0f7dfcd?action=share&source=collection_link&creator=23402569"
	},
	"item": [
		{
			"name": "Get Newfeed V2(không yêu cầu đăng nhập) Copy 2",
			"request": {
				"method": "POST",
				"header": [
					{
						"key": "Xsrf-Token",
						"value": "{{xsrf_token}}",
						"type": "text",
						"disabled": true
					},
					{
						"key": "Refresh-Token",
						"value": "{{refresh_token}}",
						"type": "text",
						"disabled": true
					}
				],
				"body": {
					"mode": "raw",
					"raw": "{\n    \"list_post_id\": [], // truyền danh sách id những bài viết đã lấy để tránh lấy trùng nhau\n    \"social_type\": [\"instagram\", \"twitter\", \"tiktok\", \"youtube\", \"facebook\", \"twitch\"] // truyền loại bài viết muốn lấy\n}",
					"options": {
						"raw": {
							"language": "json"
						}
					}
				},
				"url": {
					"raw": "{{baseUrl}}/post/guest/new_feed?page=1&locale=en",
					"host": [
						"{{baseUrl}}"
					],
					"path": [
						"post",
						"guest",
						"new_feed"
					],
					"query": [
						{
							"key": "page",
							"value": "1"
						},
						{
							"key": "locale",
							"value": "en"
						}
					]
				}
			},
			"response": []
		},
		{
			"name": "google news",
			"request": {
				"method": "GET",
				"header": [],
				"url": {
					"raw": "https://dev.stechvn.org/api/crawler/gg/vi?limit=10000000",
					"protocol": "https",
					"host": [
						"dev",
						"stechvn",
						"org"
					],
					"path": [
						"api",
						"crawler",
						"gg",
						"vi"
					],
					"query": [
						{
							"key": "limit",
							"value": "10000000"
						}
					]
				}
			},
			"response": []
		}
	]
}